Discrete1,Uniform,Binomial,Poisson,Normal,logNormal,t
0,6.493060533,11,3,-0.05844659,0.576192166,0.751554392
1,2.264807804,12,2,1.080777725,2.293161806,0.93557261
0,4.889838375,11,3,1.817489259,1.042961907,1.838815029
1,5.316989383,9,6,-0.194488254,4.12558132,0.300652281
0,3.291151347,16,5,0.149252645,2.242502353,1.281766683
1,6.869984766,12,5,-0.667973845,0.678036338,-0.88104212
0,3.677647193,13,1,-1.546212559,0.942117203,1.533252182
1,2.789507013,11,5,-0.574635746,4.145830811,2.461105583
1,4.826626927,8,3,0.128868387,0.548170023,-2.138210104
1,2.204911972,14,2,0.103719908,1.131547706,0.486549217
0,4.575056765,10,11,1.504274027,4.115814779,-0.629255692
1,5.699715706,10,2,-0.661316826,3.239758139,-2.506563198
0,4.054473369,15,5,-1.66146786,0.113479935,-0.805636876
1,6.592779637,15,4,-0.180760455,1.011638749,0.320102811
0,4.502030449,14,6,-1.246268389,0.976828446,0.133122455
1,2.97007554,14,3,-1.135281039,1.078076894,-0.884575822
1,2.437481639,10,4,-1.127441261,0.512578429,-0.255739821
1,5.226551837,13,4,0.352495092,0.401618304,1.565141991
0,2.228316456,11,0,1.074809485,0.601558907,-1.071836175
0,3.086607082,13,9,1.612950095,0.447320963,0.073784707
1,3.219563002,17,1,-0.091528715,1.016716973,1.957055639
0,6.76503585,7,3,-1.074750038,0.820414278,0.230647826
0,3.555942965,14,2,1.1655759,0.637290434,-0.717664233
0,3.483046655,10,6,-0.746093989,0.840139735,0.323760551
0,6.447111331,9,4,-0.820923053,0.418107618,-0.286304873
1,2.341060865,10,1,0.368210976,0.328663868,-0.323649269
1,3.796635117,11,2,0.775950476,0.977474434,-0.019735103
1,6.946485991,10,6,-0.792326592,0.430886839,0.00509425
0,3.707162282,9,3,-0.17199987,1.154327041,0.419386504
0,5.575516068,8,3,-0.136359477,4.506001482,-1.174480396
0,4.262903878,7,8,0.200415065,3.601964028,-0.877391508
1,2.388246253,10,5,-1.048719988,0.504294708,-0.767874882
1,3.051099349,13,3,-1.266638728,3.756114157,-1.948940429
1,4.690998106,12,5,-0.623532711,0.610983098,-1.268752906
1,6.991556786,10,5,0.074614228,2.308175707,-0.605637065
1,4.823736435,7,4,0.385885991,0.524399793,0.425101295
1,2.072656798,11,7,0.750745754,1.261772718,-0.239474033
0,5.318817918,8,2,0.186723316,0.35522917,-1.824635224
1,4.418380564,9,1,0.179001735,0.547437461,0.306181864
1,6.905046131,8,2,-0.56922653,1.467206143,0.782724387
0,4.608969465,16,3,1.101592474,0.538619227,0.964442195
0,5.093116949,15,7,0.007935609,0.646905106,-0.378362794
1,3.222745616,10,6,1.265459039,1.299990924,-1.155079326
0,6.85002269,14,2,-1.251133027,0.693264397,-0.127017986
1,4.033419444,11,4,2.0661809,7.806066545,0.265054703
1,3.625842736,13,2,-0.601384271,1.000133041,-1.315086532
1,4.060882391,14,2,-1.90728535,0.378117197,0.534917088
1,5.111582734,13,2,0.591311735,3.156384202,-0.7187275
1,3.609029633,16,5,1.758182842,1.440274968,-0.894699601
0,3.956333867,12,3,-0.158281315,4.008829454,0.914798543
1,6.406579628,12,4,0.823135148,0.097225266,-0.330590972
0,4.631008057,8,2,0.001984578,0.670637189,-0.195850997
0,6.871154169,13,7,0.958588531,0.696829304,-0.602893221
1,4.06926432,14,5,2.766232156,1.884296208,-1.328668934
1,5.218054471,13,2,-0.823863034,0.228743267,0.812794105
1,2.018975902,12,2,2.173275295,0.696037059,-0.21769481
0,3.508215733,13,2,-0.169757157,1.056640763,1.114336807
0,4.574697169,11,6,0.28773469,0.20654219,1.797432007
0,3.649744462,9,2,1.192008803,0.272331182,-0.180950035
1,4.508073607,8,4,0.875946786,0.71806433,-1.601927368
1,3.709239727,12,3,-1.31691801,4.925953744,0.246139099
0,6.143997678,11,4,-0.612106182,0.67744866,-2.665024798
0,3.527771407,10,4,1.579446081,0.504193897,-0.555955292
1,5.020547628,17,4,-2.030615608,0.429321306,0.00185424
1,6.44693533,14,6,-0.954362517,1.873247134,0.794262638
0,2.795355751,15,4,0.725817376,2.67724625,0.922288503
1,2.807827122,8,5,-0.215111174,0.384579799,0.408177959
1,5.195036938,11,6,0.09790493,1.214466456,-1.011443406
0,4.665073427,12,6,0.460546468,0.797542684,0.034198632
0,4.622667779,12,3,-0.586622471,0.846148245,0.781786267
1,6.734231045,14,3,-1.577166529,0.424670716,0.146907468
0,3.716040801,12,4,-0.382997924,1.256134808,1.51733096
0,2.838911415,12,3,-1.11392714,1.542642971,0.59672459
0,6.061527844,11,2,-0.647276443,0.481919575,0.972919784
1,6.918909732,10,5,-2.671505761,12.65707316,0.829801636
0,4.78987092,9,4,0.500426067,1.092205941,0.01479101
0,4.877414881,12,2,1.096528956,2.547799656,-0.313743093
1,3.286078305,10,1,-0.720277587,1.410914428,-0.344452728
1,5.059048222,11,5,-0.210192063,4.388755806,0.877188072
1,4.110837959,8,2,-1.34997451,2.424020385,1.435465566
1,2.836026159,16,2,-0.053264808,1.136485556,1.473034723
0,6.830469764,6,4,0.549923914,0.130085162,1.141690935
1,5.512163281,10,5,-0.407827501,0.73877718,-0.806005696
1,2.161422445,15,4,-0.553626855,1.063000789,-1.012399561
0,4.408729757,11,3,0.236560468,15.72574903,-0.620537705
0,3.028680396,10,5,1.102005095,3.111701514,0.035608862
0,3.447348518,17,6,0.853532678,1.858420601,-0.553272393
0,2.190180037,14,3,-1.495173089,0.544803914,1.808807387
0,4.668164663,12,3,0.035833724,0.578691786,-0.874190607
1,5.366444665,15,3,-0.307780643,0.664131084,1.620623845
0,2.791441377,13,4,-3.501219799,1.776435195,0.646567401
1,2.71113118,9,0,-0.515773497,1.876136416,-0.585912391
1,5.022533527,9,4,-0.163994644,0.412434891,0.202654655
0,4.339041405,12,5,-2.11955395,0.695537893,1.840449277
1,5.688862005,11,8,0.774642221,1.946982502,0.378555068
0,6.868385121,10,5,1.560219411,0.215778419,-1.212801157
0,4.85805871,4,3,-0.382877762,0.889381786,0.692855924
0,6.908691286,5,0,-0.192956548,1.892836201,0.419169918
0,2.693873994,13,2,0.760329358,3.64810121,0.452979913
0,3.509748315,9,2,1.917883826,1.709015425,-1.102517588
0,3.835735219,12,6,1.297026334,3.015449976,-0.386983841
1,4.155313645,12,2,-0.008347356,0.291166839,-0.887222838
0,5.414016997,13,4,-0.384619635,1.251134818,-1.298174846
1,2.313067194,11,1,1.487533818,0.227436239,-0.334196109
0,5.311130509,9,7,-0.618991199,0.263820538,0.265364285
1,3.214392702,9,3,-0.483635188,0.392570709,1.414289423
0,5.823461223,16,9,0.370874758,1.005700645,0.09516175
0,2.809055315,12,3,-0.845535319,0.866764933,-1.597865009
0,3.845981164,10,5,0.350835508,0.400769923,-0.121016717
1,2.095703141,9,6,0.366943204,0.841927363,-0.255895654
0,3.965033801,14,3,0.489852902,0.365272945,-0.356792257
1,4.644354887,11,2,1.268878348,0.245559269,-0.040705744
0,2.280336451,11,2,0.672907544,0.62255865,-0.271285925
1,3.476645074,10,4,-0.031021655,0.65439618,-0.764563028
1,3.259667024,11,2,-1.049007597,1.669286485,1.580031976
0,3.928582666,14,4,1.054994272,0.501505252,-0.325073591
0,6.333998749,14,1,-0.596135962,1.183983214,1.007011416
1,6.063938376,11,4,-0.16713076,0.230280471,-0.694000431
0,5.142018465,15,4,0.021431663,0.468494067,-0.179335678
0,3.009110231,15,8,-0.193517028,1.238389838,-0.784382806
1,2.206010856,12,2,0.149965594,1.396132377,1.62623916
1,4.617426398,11,3,-1.144139893,0.192431175,1.215952773
1,2.241012971,10,2,-0.042839726,3.767690645,2.068722121
1,3.517328629,12,2,-1.401076369,0.200357727,-1.192320885
1,5.140940166,7,1,-0.228767164,6.593096977,0.484714968
0,2.229739049,5,3,-0.494574725,3.127762795,0.907640163
1,6.82405653,10,5,1.560430083,0.230959743,0.988749862
0,5.030147403,11,3,-1.021751631,1.106546037,-0.378887091
0,4.430709724,8,0,1.125548906,2.481572375,0.677647344
0,5.955565258,17,2,0.988187527,3.269858172,-1.222755567
0,3.72367201,17,4,1.209779918,3.815371804,-0.557879853
1,4.190477988,16,3,-0.095874527,0.223386064,1.312538707
1,2.820726159,13,5,0.723340993,0.701438431,-0.919899044
1,4.384284814,15,3,-1.368011315,0.540793054,-0.026931116
0,4.465306779,7,1,-0.08203926,0.356015304,4.29974289
0,6.630451482,11,2,0.144551534,1.480021212,0.549292828
0,5.789054484,7,6,-0.587164862,2.995458547,0.651999352
0,3.249709572,11,7,-0.311565089,0.987847888,0.747239024
0,6.815062198,8,6,-0.454641452,0.788821582,-1.042336811
1,6.541120799,13,8,1.949897197,5.930389578,0.538987029
1,3.667389779,13,9,-2.078468001,0.263121638,0.3292732
1,2.670684041,18,4,-1.23951589,1.793280929,-1.31290379
1,6.466094987,10,5,0.299888687,0.771274361,1.365995548
0,6.232397191,10,2,0.371578484,0.273563283,-1.165381361
1,2.072575745,15,4,-1.075666971,0.907561156,-0.852727596
1,2.116295344,13,4,-0.558813803,0.857596477,-0.692603896
0,5.082440465,10,3,1.23022884,1.50500338,-0.231458338
0,5.526971145,11,3,-1.375243816,0.459283255,-1.229444761
1,3.617420132,14,2,1.444962569,0.626635325,-0.447458748
1,6.689442557,15,9,0.610312279,1.407357113,0.290901501
1,6.419007672,11,2,-0.654420533,1.698486505,1.537317904
1,3.331967656,14,3,1.17305038,0.763867413,2.862754724
1,6.369557046,14,5,0.01655509,0.641951034,1.16579905
0,5.822515416,10,2,-0.559595267,0.563148915,0.39718836
0,4.736496355,13,3,1.690119329,0.474168474,-1.200352722
1,6.232085878,14,8,1.331342292,1.200790269,-0.26628974
0,2.027106127,13,4,-1.224223543,0.655073142,1.874916037
1,2.978932404,16,4,0.053621201,5.444145586,2.526466939
0,2.229985842,6,5,1.800833269,0.334004517,-0.698639065
0,6.447973147,15,5,0.615673951,7.372637616,0.921748053
0,4.279878606,13,2,-0.678816614,0.971781513,1.727705794
0,2.454288214,10,6,-0.728321031,0.504985584,-0.411779842
1,4.689945779,15,8,-0.281034348,2.431363642,-1.031212066
1,4.003583377,11,3,-1.825651114,0.24206825,-0.729977701
1,5.32488023,14,3,0.498875324,0.773904047,-0.574221109
1,6.870860581,11,7,-0.366807423,1.531232053,-0.916267655
0,2.11441875,10,4,0.656315219,2.219365783,0.034397919
1,5.446269836,9,5,0.643611392,0.637067281,0.100309773
1,6.004861072,11,1,0.908988084,0.234987498,-1.006764642
1,6.459226499,14,4,-1.830507618,0.156083303,-1.140822218
0,3.491124767,10,5,0.02255755,0.608595988,0.643567123
1,3.963362293,11,1,-1.872643145,3.74519498,-1.440120751
0,2.538662209,16,6,0.651262761,3.839347284,-0.114235481
0,3.720737801,15,3,-0.382392949,0.302168126,-0.533859475
0,2.46823764,9,5,2.334201868,0.879654497,-0.369801644
1,3.238978542,10,3,-1.54657391,1.340978901,-0.079523763
0,5.312109273,10,7,-0.446335116,1.537544177,0.865016346
0,4.564606122,10,3,-1.175308645,0.67162045,-1.14169243
0,3.132583215,14,4,-1.213180959,1.359482941,-0.929798244
1,4.894820301,11,4,1.988441951,0.371366101,-0.727447621
1,2.698202888,10,2,0.79581652,2.199573662,0.49314661
1,4.513347236,10,8,0.986314552,1.79169678,0.057395834
1,2.614009497,13,6,-1.266058012,0.498151251,0.359107969
1,6.858703483,7,2,-1.002536006,2.831159989,-0.659640322
0,5.375355967,9,7,-0.269184376,0.429491274,-0.373156841
0,6.070334765,17,4,0.093284724,2.372741955,4.47125817
1,4.734678637,9,1,0.223959541,1.629320273,2.25880257
0,2.504572848,9,3,-0.465137395,0.165281905,-1.258664027
0,4.112427896,13,1,0.635093267,0.177863612,-0.198799808
0,5.843213269,14,4,0.030857785,0.45783149,-2.025591639
1,6.4220308,13,3,-0.868463949,2.031478748,1.427176115
1,2.907751024,11,5,-0.020534542,2.17166096,-1.323485902
0,6.48930559,8,6,-0.95399077,0.541786315,-0.564804823
0,2.5169207,13,6,0.588852448,0.555303582,2.423871607
1,6.104169912,6,7,-1.07065106,5.15158211,-0.515842324
0,2.059171906,10,5,2.431996746,1.049382689,0.631163385
0,5.521781417,12,0,-0.139520199,0.233144985,1.284304645
0,4.270070245,13,1,-0.099986415,0.584752935,-0.960544123
0,5.80642127,13,2,1.562154613,0.609398835,0.260964842
1,2.382348429,13,10,1.372186223,0.322512753,1.373019765
0,5.659478009,12,7,-2.084497401,4.718731304,-0.911686305
1,6.728441532,10,3,-0.651501464,0.514277195,0.955184058
0,6.167811039,13,7,-0.602175748,2.313444375,-0.852255003
0,5.396824719,11,9,0.717443218,0.409925155,-1.727097699
0,4.125569938,9,6,1.085743009,8.419821263,0.283700662
0,5.049331219,15,7,-0.825939818,1.629368721,-2.136319852
1,6.096217619,12,5,-0.954369758,0.658916263,-0.788159676
1,4.871862613,13,6,1.323351467,1.726197005,-0.95959914
0,3.067052272,15,2,0.575423931,1.48727789,0.293273738
0,6.230512953,8,5,0.113399832,1.80876472,-0.835245499
1,6.280944883,14,3,-1.08678266,1.041555724,1.14308238
0,2.314112557,8,7,0.426068086,1.424507324,-0.29841886
1,5.484306003,13,4,-0.555956513,1.473496145,0.127370189
0,5.237556708,14,6,0.191298716,1.36513107,-1.697973221
1,3.281467301,18,5,-1.850822016,1.915396636,-0.110010357
0,2.133018885,10,7,0.060128859,1.201662109,-0.241888086
0,5.408710354,7,3,1.538770308,1.124802867,0.647802409
1,6.043257493,9,7,0.02919573,0.79634762,1.82575051
0,3.411096926,12,2,-1.312121097,1.619376004,-0.291294299
0,6.327709461,8,3,0.798053716,0.692775267,1.684834125
1,5.297051957,14,6,1.822711392,0.592924526,-0.888947029
1,6.172923439,13,2,0.708196414,0.50781141,0.042486874
0,3.134322265,14,3,-0.027716444,8.632058728,-0.465174403
0,6.039119706,13,7,-1.558811132,0.989104247,-0.959061372
0,6.111480911,14,4,-0.459010776,2.46624065,-0.314529186
0,5.849273263,8,1,0.328524778,2.126997909,0.375472615
0,5.196569018,14,1,1.66695533,1.062266649,0.62610741
1,4.811100995,16,3,0.404571577,0.331358625,0.279416596
1,3.053763705,11,0,-0.332115456,0.434838119,-0.45840794
0,5.330693101,9,2,1.542709565,5.943981988,-0.330611475
1,2.205132698,9,3,-1.558649363,0.089786595,1.187867947
1,5.904263433,18,2,-0.995453798,8.07438324,-1.044933684
0,2.422583029,7,0,-0.293267176,0.310306959,-1.017052378
1,6.536602716,10,6,-0.535559889,0.238733991,-0.584844158
0,6.880033124,11,2,-0.358678496,0.962195328,1.395396489
0,3.506302999,13,4,0.449764887,5.723854626,-0.679754008
1,2.562634452,11,1,-0.196908611,4.840911366,1.774379474
0,2.553681091,12,6,-0.364356897,0.949255309,-0.540262303
0,5.693540783,14,6,-1.193502572,0.330454567,1.428592306
0,5.182563074,8,4,-1.034500871,0.182528886,-2.64331663
1,4.374269974,13,7,0.649611496,1.46466273,0.270808839
1,6.116701386,11,7,-0.751976039,1.245588183,-0.960794233
0,5.117125079,12,5,1.25879618,1.392004118,-0.506240369
1,5.410580335,11,6,0.30673622,1.324575526,1.219058675
0,4.35243846,12,3,1.356365172,0.236965306,-0.550478922
0,5.657725272,14,6,-0.507939044,1.663039717,0.513640108
0,2.194574443,14,5,-0.179990446,3.415995329,-1.472207895
0,2.542365033,13,3,0.14696576,11.8394916,-0.591834696
1,5.62367294,11,3,-0.699002487,0.526581618,-0.338558194
1,5.017406645,11,3,-0.092821641,2.133601448,-0.919553559
0,3.660038333,11,3,0.536422423,4.137710842,1.271340022
1,4.038165638,11,6,-1.214619736,0.768178623,0.940713387
0,4.949874795,10,8,1.392127829,0.437418179,-0.275059765
1,5.412154713,10,3,-1.709996388,1.79239294,2.886201174
1,5.319741094,11,5,0.834836349,0.927560779,0.767454615
1,2.315467864,13,4,-0.64784405,1.59522216,-1.325295321
0,6.167644803,16,3,0.958847148,0.276149826,1.172087599
0,5.750906452,13,4,-2.727759878,5.606778837,-0.170044149
1,5.916117705,12,4,-1.212379833,0.378635835,1.371052275
1,6.056978067,10,3,1.274232185,0.549633681,1.199262004
0,3.031911077,8,2,-1.060104144,0.911024631,1.414934269
0,4.895258446,15,2,0.438901703,1.925244471,1.250429265
1,2.193121394,10,6,0.450343421,1.507702658,0.617500964
1,4.321341019,15,6,-0.397453865,1.169962493,0.340464535
1,6.932603866,17,1,-1.154964779,0.699426904,0.247394569
1,6.956708099,11,6,-0.630045105,1.274803023,1.03748848
1,4.38145313,11,5,-0.137906714,0.976278912,1.57754814
1,3.300342055,10,4,-0.733868787,1.483937236,-0.836689721
0,2.453127234,10,8,0.232074342,1.11785509,1.19854756
1,3.224754215,15,2,1.893065594,0.692311048,0.051715974
0,3.822462992,10,6,0.307119503,2.109121153,-0.641031744
1,3.066343598,12,3,-0.864530081,0.290671133,0.324149014
0,6.239377615,19,4,-0.545829999,3.200030952,1.50430208
1,6.819606966,15,4,0.138995064,0.345586132,-0.408301877
0,6.94947341,17,3,1.902849937,2.934921419,0.079156742
0,4.153706057,15,2,-1.559396314,2.081200995,-0.732812303
1,2.148059244,13,6,-0.20528095,0.256451491,0.415075155
1,3.663257224,12,2,0.266782648,0.312524284,-0.672074438
0,2.345274282,9,6,-1.097125931,0.158481853,0.067580486
0,6.3179431,16,3,-1.215316115,1.175357358,0.546529028
0,3.143046462,8,2,-0.540016303,2.147509398,-2.10776006
1,5.86265527,9,3,-1.374416181,0.968373813,-1.275011405
1,5.094539966,11,6,1.107534091,1.446902471,-0.195807044
1,4.316361303,13,7,-0.003233599,0.739121871,0.90780001
0,2.908542892,9,4,-0.560304846,1.965845129,1.106185679
0,6.098748886,12,3,0.168439383,0.314722883,0.040928208
0,5.149918148,12,7,0.84233226,0.167490385,0.826092284
0,3.053934172,14,5,1.118034641,1.522758842,-0.536069515
0,2.647787501,16,5,-0.246308372,0.707944079,-0.563643523
1,4.115130811,11,4,-2.233883874,0.140952219,-0.307496923
0,3.930540584,14,5,-2.596356158,0.404699768,1.633047816
0,6.938160544,10,3,-0.026203663,2.331340944,0.367656824
0,6.036057519,15,4,-1.005684244,1.817856857,-0.456189355
1,3.900045578,11,3,0.18598901,2.786636628,-0.091134756
0,5.871705716,7,7,-0.056213357,0.575771972,-0.66525946
0,5.786657359,12,2,-0.390448013,0.691052634,1.16518442
0,2.796718255,13,3,0.797212377,0.344187742,0.16308067
1,2.655505727,12,6,-1.175576296,2.461922505,-0.935685389
0,4.144483167,15,6,0.55709264,0.652719898,-0.524543719
0,2.131236808,13,3,-1.33784735,1.377616288,0.659385674
1,3.869069769,13,3,1.549789741,0.694604575,-1.85308521
0,5.147267387,12,0,-0.416016633,1.279634347,-0.598170655
1,2.263990106,13,4,-0.893360389,0.284210304,-1.108465936
1,2.262217857,10,6,1.475844482,2.836538699,-0.534005368
1,3.636740428,11,5,-0.964468672,0.236497587,-0.406210581
1,4.529415241,12,3,-0.619976615,2.169865734,0.423220455
0,5.805089488,9,3,-0.288901044,0.579311764,0.039887007
1,5.856722144,6,5,-1.603541409,4.784704014,-0.350421925
0,2.185377339,10,5,0.199015193,6.364915764,-0.867688104
0,3.23730686,19,4,-0.608317387,1.55782678,0.631300738
0,5.944260178,5,3,0.313413838,0.089927517,-0.696017954
0,6.534704257,15,4,0.427987864,2.558115128,-0.031012548
0,3.058383652,8,3,0.098447582,1.477960024,-0.167046765
0,5.042626414,11,4,-0.239049297,0.194836244,-0.733481855
0,4.046388935,10,5,0.898764882,0.976103703,0.877267131
0,3.186466375,12,4,-1.074596797,1.227532464,0.305521952
1,4.479452735,8,3,-0.558197981,2.297111683,-0.54416068
0,6.864297756,12,4,-0.862634074,0.298333315,-1.794250112
1,4.015234285,12,7,1.142093659,3.5495268,0.477512352
0,4.4154073,14,4,-1.073097082,1.598827884,0.27224877
0,4.510649238,11,2,-0.367327288,0.278810356,-0.99890051
0,6.429006889,9,6,-1.843199464,0.130807309,-1.016053825
1,6.626312263,18,4,0.977957713,0.238773863,1.510126888
1,5.939755848,13,4,-0.117362227,0.288017909,-0.138409767
0,3.114787015,10,4,-1.510503619,1.642823399,0.204581296
0,4.375083794,13,2,-0.805423956,0.624414852,0.529624156
0,2.560954025,13,4,1.611937018,0.462363543,1.615522709
1,3.297038626,9,5,-0.177156759,0.565318364,0.445934794
1,6.59085393,13,6,-0.187791511,0.752301682,0.21712244
0,6.893493648,9,3,0.269889948,1.971568299,-0.370599421
1,3.360285345,14,4,0.981679534,0.349087117,-1.527428898
0,4.695032181,16,3,-0.632152185,1.2508307,-1.108179839
0,2.351233541,15,5,0.073210547,1.13069435,1.075510151
0,2.499687404,10,4,0.143401666,1.384610261,-0.418794975
0,2.017877982,15,4,1.748420337,1.238471463,-1.829369408
0,6.352949522,10,4,0.040200489,0.08371427,-0.632651436
1,4.509473648,13,2,0.514350704,0.536329018,1.340754129
1,4.030061758,9,5,0.319543396,0.271406941,-0.934899711
1,2.429822921,13,5,-0.824572758,1.248409958,1.526807086
0,5.176611019,10,2,-0.336837408,6.679566101,1.984377931
1,3.247351731,15,7,-0.230162836,1.977084194,-0.459853344
1,4.456778479,14,4,0.824254973,0.404171566,0.374526108
1,4.420975489,12,5,0.515406455,1.61935594,0.570806528
1,6.111349676,13,6,-0.521883362,2.194509176,-1.158882478
1,3.429987245,8,2,-0.610426394,0.306710335,-0.723476936
0,2.614693123,14,7,-0.069601741,1.182045939,1.020984352
0,3.566122349,7,2,-1.980058838,1.61454401,0.106465468
1,4.016400779,13,3,0.383406089,6.034614795,-0.325542581
1,5.437750807,9,4,0.737381205,0.297924722,0.605974954
0,2.434143119,15,4,0.590583883,9.115633145,1.577372357
1,2.524820366,11,2,0.156474858,1.231461139,1.001832992
1,2.404525921,13,3,-0.680921595,0.163770463,-0.744519083
0,3.68372025,12,5,0.355694659,1.646743619,0.035375743
0,6.773345231,14,2,-0.363663456,4.789941382,1.734019988
1,3.108657352,10,2,-0.734339508,0.42145936,-1.803706155
1,3.8906214,7,5,-0.153184785,0.561858009,-1.741666073
0,5.785433548,15,7,-1.452992962,0.312437978,-0.15643263
0,4.44415239,13,5,-0.168483004,2.528202162,0.674507485
0,5.799684679,12,4,-0.18248041,0.931006448,-1.602790463
0,4.69306099,16,2,-1.238952101,1.390059174,-0.620018434
1,2.859688625,9,4,0.770455083,5.350188984,0.572096065
0,6.524919908,11,4,-1.858680279,1.755963348,1.165834705
1,5.938771773,17,3,0.819642724,3.473746329,-0.217546326
1,3.031523095,11,5,0.112723224,1.493694702,0.473643473
0,3.909140034,11,6,-0.638620513,2.20413858,2.080888878
1,5.554231063,7,2,-0.642870243,1.17140919,-1.159738027
0,3.302632482,12,1,1.27342199,2.799177523,3.330783857
1,3.765052266,13,4,0.146954714,1.176327657,2.122089317
0,4.76944251,8,3,-0.523034943,0.783706929,-2.64068761
1,3.699232063,10,3,-1.679212272,0.769413137,0.821668644
1,4.288273319,12,3,0.258438542,0.430137081,1.570501967
0,4.114105104,11,4,-0.055594736,0.828973856,0.190424862
1,4.585691402,14,3,-0.355099841,0.507574961,-0.094271549
1,3.492326376,16,4,0.456879024,0.741433515,-0.374516339
1,3.423613576,14,4,-0.763144147,4.687346121,-0.560635859
1,2.810330529,14,2,0.738586797,0.295885945,0.973161724
0,5.286909976,8,3,0.364092039,3.351177661,0.217131471
1,2.229978445,9,6,0.40936424,2.116850217,-0.108418117
1,3.423027318,13,8,-1.729204854,0.109924377,0.902316962
0,2.517834434,12,8,1.698733784,0.398231731,-0.846063207
1,2.027333593,13,2,-1.207122453,1.138979482,-1.496617723
1,3.627376773,14,5,1.260232545,2.288534138,-1.807560411
1,5.50655725,15,4,-1.019403619,0.1938583,0.359225451
0,2.869678706,12,1,1.157903193,1.14038286,-0.230991687
1,5.063240771,11,5,-0.662393809,0.237016472,-1.63932029
0,2.822706386,13,5,-0.351713137,2.770711268,-0.824232365
1,4.201550461,10,3,0.00057108,0.566853935,2.018783693
0,3.963364622,12,4,-0.924071945,1.162659204,-2.233919937
1,6.034081104,8,3,0.834431972,1.444411011,0.389523953
1,3.324780663,9,4,0.789712644,1.711633084,0.763787484
0,3.345466038,18,6,-1.785290653,3.603361005,0.142341932
0,2.659050625,14,4,0.737515078,2.596863383,1.168969525
1,4.116650075,10,4,0.900706719,1.240120021,0.266414157
1,6.997782554,10,2,-0.439320633,0.722566454,0.739566629
1,2.50860456,14,4,-0.596893719,1.212971026,-0.047836537
1,6.524254473,14,1,-1.979919966,0.631037005,3.298315701
0,5.021060734,12,4,1.260163591,1.53907344,0.566636503
0,5.676865161,10,2,-0.57421495,0.191627784,-0.489505727
0,5.555509464,12,8,-0.409035749,0.332932497,-0.673535495
1,2.768789761,14,3,0.348863206,0.304369298,0.096131379
0,3.297262248,12,2,1.90554268,0.296834032,-2.620707068
0,5.508361704,12,5,-0.029626969,0.944504569,0.355367488
0,5.563790291,17,1,1.130529683,16.44335107,0.398315879
1,2.013686819,11,3,-1.012424301,0.570993752,0.486790097
0,5.920855338,15,2,0.81888228,0.69975424,0.365536418
0,2.608354849,15,7,-0.734452955,0.232962542,0.145161186
0,2.819117797,17,3,-1.806636882,0.626312532,-0.000703925
1,4.237847988,12,6,0.090352679,1.241226451,-0.43513059
1,2.626954578,11,2,0.364606803,1.867395008,-1.776430056
1,6.133355427,9,4,1.927800642,6.02926875,0.991622934
0,5.10514095,11,6,-0.683045167,0.309738677,0.265624298
0,6.746187264,8,7,0.233002034,0.295692907,-0.48157144
0,5.960847578,13,5,-0.191254889,6.582880722,0.748634142
1,2.356840515,15,3,-1.37003068,1.361060441,-2.279950506
1,2.007075795,8,2,-0.011604192,0.515154395,-2.396346532
0,6.503004327,14,2,-0.70961963,4.856228217,-0.525301444
1,6.514201034,9,1,0.590313028,0.917143831,0.283825471
0,5.845400899,13,0,0.602613251,0.556361424,0.519726596
1,2.447716198,10,5,-0.912787543,6.237153304,-1.080255106
0,6.674342936,11,4,-1.038037013,5.584147545,-0.625349551
0,6.315563666,17,3,-0.269319525,0.23200924,-1.399983194
0,6.328247909,14,6,-1.264455362,1.00280875,-2.965548149
1,2.174616461,13,0,0.306342237,0.593246815,1.12246756
1,4.723083701,9,5,-0.391840963,3.429877824,0.172207759
0,5.843916014,10,1,1.353119171,0.333358384,-1.118441537
0,2.353829633,16,5,0.371441598,1.494293314,-0.642447992
0,5.417195815,10,5,0.105197326,1.699429198,0.20260923
0,6.900521236,14,2,-1.655955166,0.288807827,-0.284583943
1,2.634017123,15,6,-0.20200523,1.954811536,-0.724985356
1,5.327306495,11,4,0.6872874,0.483630522,1.232298244
1,2.432514788,15,3,-1.110807373,4.173849777,0.890125031
1,6.478175677,10,6,-2.247056025,0.759422078,-0.314730779
0,6.942298096,14,4,0.404951037,0.965149423,-0.787745281
1,5.022636226,12,4,0.072317431,1.054693261,1.413978302
1,2.158473446,9,1,1.971006236,3.280179133,-0.013993276
0,5.563588588,9,3,0.435915531,3.162111597,0.745807924
0,2.442052523,15,3,0.059078455,2.863744933,0.819460022
0,5.163018194,14,1,-0.833252929,1.088128269,0.269646026
1,6.693181512,8,2,1.793387241,0.220050673,0.663519566
1,2.843853224,10,6,0.526839821,1.70666429,-1.75822319
0,2.416673787,15,2,0.043242738,0.048189411,-1.475606394
1,5.163447115,9,1,-0.054141091,1.57453639,-0.112426248
1,6.819250356,15,7,0.301304126,4.166897886,-0.792858609
0,2.10062919,9,5,1.595740982,0.20470814,0.66786863
0,4.419689244,14,5,0.815029971,2.463975002,0.508088645
1,6.62912614,12,7,1.228743656,0.208203219,1.26864707
0,5.291756862,11,3,-0.131320317,1.421997883,-0.003992007
0,3.840391457,11,2,0.172303894,0.406692989,1.420255472
1,3.870341275,13,3,-2.294004623,1.025781398,0.380532649
0,5.703489318,5,4,1.718447766,2.019210407,0.695789468
1,2.108629174,10,2,0.865157095,0.319183773,-2.407392179
0,4.883663764,13,8,0.513495549,0.937900805,0.825505634
0,4.55346522,12,6,0.321465116,0.857843892,-0.20777357
1,4.859583427,13,6,0.414893251,2.73948358,1.689993904
0,3.482204308,11,4,-0.05841494,1.004480295,-0.537709667
1,3.256986391,8,0,2.531531077,9.402583291,0.165654754
0,6.492414177,15,6,3.271733786,5.067273058,-1.506204488
0,5.228559191,15,4,-0.357487504,0.819467481,-0.991374385
0,3.730707649,8,2,1.20484076,1.780132742,-1.113520945
1,3.231368305,16,1,-0.414262606,1.989613548,0.04952808
0,4.163780688,13,3,-1.657376174,2.11490061,1.595460859
1,3.059021861,15,6,0.163780105,2.00679309,-0.717896411
0,6.808404313,10,6,0.447488286,0.425593781,0.839198903
1,2.850973688,11,4,0.377170216,0.565517363,-0.046789771
1,5.522665289,13,6,-1.565298684,18.40958654,0.000335971
0,6.400991178,9,3,-0.244781661,0.698319761,-0.51960292
1,6.693172395,14,2,0.337894773,2.665781458,1.379330612
1,3.795792831,18,2,1.260286043,1.387745981,1.097012225
1,4.807241941,13,2,-0.191570953,1.339002273,-0.920809051
0,5.608220709,11,6,0.358924031,0.885909131,0.26063704
0,3.350248081,10,6,0.403322247,0.108210149,0.852043299
1,5.92204741,14,2,-1.121924413,7.91335907,0.282554548
1,4.591370337,10,4,-0.398416332,0.974953685,0.247478501
1,3.752626556,12,1,1.127705961,0.37296403,0.739711024
0,3.490892645,14,4,-0.016356467,1.414498826,-0.930638038
1,6.324080134,11,3,1.179659463,3.532507311,1.200667636
0,5.054005078,12,5,0.909229526,1.268472299,0.157519629
0,5.544575446,12,6,1.491792902,0.702392485,-0.696236557
0,2.84473131,14,3,0.166085002,2.918315601,-0.118066966
1,5.261478767,13,5,-0.354347554,0.462789356,-0.953860329
0,5.934151728,15,4,-0.122303913,0.474088116,0.049937943
1,5.852782189,9,3,-1.295026092,0.599583211,-0.712692353
0,4.164513997,8,10,-0.814836763,1.157015948,-0.209203728
1,3.795184528,12,5,1.428673745,0.677826046,0.617452463
1,4.140119749,11,5,0.02654601,1.071782609,0.884508399
0,6.417566513,12,5,0.089855189,0.237987535,-0.769635203
0,2.682047938,17,7,-0.449913779,16.80172877,-0.117973035
1,5.476334866,9,2,-0.348334547,1.077606676,0.244118513
0,2.481822297,13,4,1.40453755,2.650742778,1.511852802
1,6.851219277,12,5,-0.308854692,2.929885357,0.015816215
0,3.23405217,17,7,-1.091619302,1.136920454,1.728682391
0,6.931590604,12,7,-0.401365771,0.959182985,1.499973892
1,2.494872911,9,3,-0.423293473,0.591975759,0.273383723
0,3.519228057,13,1,-0.665197789,0.075500708,-0.19275288
1,5.776683898,8,2,-0.595960991,0.544074324,0.266758772
0,4.688697465,10,4,-1.104883058,0.36911098,0.567865823
1,6.82522906,14,6,-1.359180862,2.931871511,-0.973424354
0,2.396112106,14,3,0.526725495,0.979379345,1.410879364
1,3.507486745,12,4,-0.828493461,0.412259254,-0.604410836
0,3.086031971,12,5,0.986703433,0.278912792,-1.620849631
1,4.143132577,10,3,0.800610533,1.176211096,0.325817588
0,4.489616689,12,1,-0.172353014,2.360550253,0.27383452
0,5.313510863,16,4,-0.139862073,0.674556163,-0.880981813
0,5.609881718,9,8,0.476062358,0.980168302,1.382484236
0,2.055096962,11,5,-1.446330681,1.847562561,-0.627707965
0,4.927016797,14,9,-1.167636139,0.351282286,0.141295018
1,6.764354925,10,4,-1.815666917,0.835216987,0.182425994
1,4.503210017,8,4,1.125262584,2.10403708,-1.29594168
1,5.982691562,13,5,-0.732326081,1.190252185,0.471711923
0,4.297280231,18,4,0.195782881,0.859730458,-1.533652552
1,6.368879998,14,4,1.167779421,3.558237773,3.570987987
0,5.989654928,12,6,0.372197882,0.480311859,0.31774993
0,4.476872627,10,4,-0.799331304,0.705378856,1.452986957
1,3.34284006,9,9,-1.305673715,0.602009476,0.148460386
1,6.314345277,13,8,-0.167439561,0.154781718,-0.165018349
0,5.95651265,16,3,-1.010419894,3.812681817,-0.033758082
0,3.936611237,9,1,0.996413039,0.101594959,-0.240336417
1,4.594726463,10,2,-0.361315735,1.399301173,0.678276708
0,4.406715711,11,4,0.827795245,2.683316479,0.807886476
0,3.440455299,10,1,-0.860584571,0.384927259,1.091530868
1,3.20056811,7,5,-2.106162655,1.950609577,0.439061088
0,2.044807936,10,4,-1.269180063,0.669635172,-1.732255619
0,6.430891487,11,5,0.190449088,1.280366476,1.802067536
0,6.759733053,13,4,1.093151832,1.397439083,0.20817237
0,5.980565278,12,2,-0.204204086,1.393313521,0.211974746
0,2.448891879,12,6,-0.83461224,2.983232014,1.106644503
0,5.649609403,11,6,0.325515195,3.129350204,0.725738534
0,4.636610679,13,4,-0.975811269,1.239448516,0.683690747
0,6.605604645,9,5,-0.117740862,1.668862983,0.400693462
1,4.354434556,13,6,0.119636007,1.501633105,0.078786562
1,3.659766107,10,2,-0.994475699,0.673370935,1.177218542
1,2.153788431,15,2,-0.672960661,0.41870517,0.441756285
1,2.045183415,18,7,0.881133379,3.263973618,-2.062934641
0,3.446610433,11,4,-1.527885044,0.494994378,-0.443414501
0,4.324913216,11,2,-0.382960954,0.88719394,-0.950802055
1,3.888557319,11,4,-0.938847428,0.920879664,1.478974143
0,5.680656396,13,4,0.025537958,0.508717635,-0.200695027
1,5.306490886,8,3,-0.419212389,5.915405623,1.649473506
1,5.002674307,16,0,-1.450338871,1.063513215,0.274327671
0,4.068438763,13,3,-0.324927571,15.91246742,1.090521421
0,5.793395183,11,2,-0.434636941,0.315233017,0.717005765
0,4.17508229,16,3,-0.205174447,2.302543013,0.555306585
0,6.785833785,11,2,0.814834369,1.372679991,-0.297777109
1,6.092058614,12,5,1.325790299,0.90605611,0.355195693
1,4.238494207,13,3,0.524679608,0.395329213,-2.060726396
1,3.816973477,15,4,0.138033194,1.821542847,-0.891807049
1,2.975847624,11,3,-0.069914521,3.414247941,-0.554783912
1,6.259005552,15,5,0.24003349,0.793129174,-0.90028106
1,3.27277367,10,6,-0.060013696,0.243542815,-0.676060502
1,4.077342574,12,2,0.135077971,7.860911145,-0.969552791
0,2.507525986,12,7,-0.282764637,0.221883207,-0.488054024
0,4.052423861,9,4,-0.450601944,7.30729699,0.567592363
1,6.00582935,13,2,-1.301952253,0.294286668,-0.044129957
0,4.226073216,12,6,-0.631336363,2.322258756,-0.445448044
1,2.543637711,14,3,-1.099615659,2.348565863,-2.266913514
0,3.818090575,12,7,0.793446818,1.299811467,-0.605470481
0,3.442879273,13,3,-0.140509134,0.626564012,0.03782328
1,6.682730124,8,4,0.217954264,1.989407916,0.149834186
0,6.958186687,10,6,0.509297746,4.26455948,-0.214308835
1,5.183727004,14,4,-1.242167105,0.717307865,-0.18144053
1,3.588157278,4,5,1.722702366,0.966118862,-0.23344492
1,2.216144077,12,1,-1.09388919,4.454815144,0.351833595
1,4.92711009,12,5,0.842744815,0.403116111,2.59640127
1,2.06229463,14,4,1.015126776,0.883695283,-1.326399939
1,5.577603439,10,2,-0.58277932,0.552894563,0.58253554
1,5.212356237,11,5,-0.086068614,9.787755505,1.925520907
0,6.345148501,10,5,1.022665023,1.083284869,-1.526958838
0,2.583025385,12,5,0.216799128,0.727450077,0.31855614
1,4.309601374,14,5,0.852143001,2.109076625,-0.75601924
0,5.104671868,14,4,-0.120015029,0.806900627,1.042859206
1,3.2876379,15,4,1.378335487,0.83562588,0.92531126
1,4.793936292,17,5,-0.84730781,0.801019211,-0.890750027
1,3.542512423,5,3,-0.193250806,0.895113417,0.545607012
0,2.55957342,12,7,1.541318433,2.109186655,0.367378112
0,4.235973531,17,5,-0.954686141,1.225797779,1.728777152
0,5.479578495,13,6,-0.289631805,4.009065177,-1.061542169
0,2.927756701,9,4,-1.289461999,0.318963431,1.295858777
1,6.512242987,13,4,2.134790643,0.087502115,0.70860427
1,5.285495646,13,3,1.797357023,0.598083732,-0.426223449
0,6.937770655,9,2,-0.399867991,0.167738173,-1.706943755
1,6.947191032,15,2,-0.558692768,1.539824043,-1.395166928
0,5.645444144,12,5,-0.504123977,0.246450152,-1.070949246
0,5.054547121,11,7,0.72660757,0.629601948,2.329258514
0,4.059066724,12,4,0.457989904,0.539125841,-1.545806899
0,6.22353375,11,6,0.812545004,0.968485308,0.052225641
1,5.405513163,16,2,0.606567836,0.859461113,0.069363399
1,2.51345295,17,4,0.284922284,0.341091308,-1.115631715
1,6.552708091,12,3,-0.270167077,2.375428128,0.385888725
0,4.17258638,11,5,-0.433487518,1.000198647,-0.138937697
1,4.14920959,9,0,0.014265761,1.453457218,0.55359075
1,4.45217161,16,5,-0.221312775,2.866356662,1.106669288
0,3.66281011,11,3,0.414885464,0.939756724,-0.938395882
0,4.466002193,14,6,-0.802002609,0.43471627,-2.013017317
0,4.515176213,16,4,-0.155454609,1.462090375,1.728360567
0,6.805368304,8,3,-0.247361304,0.103510856,-1.124034895
1,6.218532993,14,1,-0.285789397,2.430956176,2.388113422
0,2.273351634,11,6,0.58535129,2.22969331,1.004516883
0,3.613758397,14,2,-1.690727489,1.088627771,-1.563669143
0,6.553660078,8,2,-0.810860386,0.516385878,1.609952421
0,3.361987088,10,3,0.610944039,0.381084044,-0.762696688
1,4.752234631,16,4,1.189480022,1.416501105,0.813110558
0,3.128932792,14,4,1.448021918,0.594284304,1.977496695
0,3.419782813,13,5,-0.904641743,0.618446866,-0.172883413
1,3.797622526,11,5,0.162570787,0.68062364,-0.561124095
0,3.755189768,14,9,-0.900367779,0.499861377,2.732345016
0,2.92609542,9,6,-0.208662165,0.86478515,0.546034019
1,3.078430095,14,4,-1.508856845,0.669460185,1.393817058
1,3.906853244,10,5,0.361071388,0.667991657,-0.507423641
1,6.222150345,16,7,-0.878221983,2.08634579,-1.091226642
1,4.259459137,12,6,-0.595327407,6.254455363,-0.090461115
1,6.098513953,13,3,1.257488416,4.23875358,-0.390387312
0,2.571665382,14,3,0.434963718,0.272643666,-0.277692298
1,5.227197307,10,4,0.276456114,1.668367351,0.804326091
0,6.17281047,10,3,0.996383705,1.809991829,0.322687076
0,4.336597478,12,6,-1.631128569,1.11605886,-0.240457724
1,5.05096006,12,1,2.278273116,0.493899131,1.535243001
1,2.148359046,10,1,1.818583858,0.9442749,0.030108657
1,6.187375824,11,3,-0.792842775,0.686072831,0.93670199
1,4.000249315,12,2,-0.655482667,0.466302421,1.41841857
1,5.753380524,13,6,-0.769245792,0.162519308,0.559253421
1,2.929208084,8,2,-1.288058856,0.647952308,-2.625202132
0,3.870547072,17,6,-0.842514423,1.021362146,-0.929972709
0,2.100070031,16,2,-2.865580886,0.468026593,0.898140296
1,2.250373669,10,5,-0.804271232,0.579201295,0.355269965
0,3.901004624,12,7,1.509349927,0.457505158,0.45760098
1,3.379216514,9,2,-0.002730747,1.12010163,0.739577683
1,5.509140357,14,4,-0.800218379,0.93082356,-0.02515078
1,5.373235939,12,5,0.115712977,1.681757317,-0.032618757
0,5.134136985,7,3,-0.858476977,1.383615068,-0.55157048
1,3.571471212,9,7,-1.108511858,0.665865714,-0.946876426
1,4.348641304,14,6,1.461115791,0.274214861,-0.240300059
0,2.7378936,14,2,1.258484655,0.246453096,0.691073212
0,6.7876089,9,3,-0.326092264,0.921255911,0.992945617
0,6.780396703,18,2,-0.798209249,0.540286729,1.210237575
1,3.918396156,12,4,0.981843851,0.255181277,1.514850031
0,5.541167388,11,6,-1.859963746,0.73701517,-3.900872046
1,6.425323701,11,5,-0.406150462,1.021188543,2.204440151
0,4.843740084,18,4,-0.765380681,2.957417303,-0.439089788
0,6.891084337,17,4,-0.845580146,1.738129427,-0.079724291
0,5.972271532,8,4,-0.636869864,1.591258406,1.385716678
1,2.767915372,14,7,-1.25771384,0.459811877,-0.20293464
1,3.483182474,12,3,1.004148166,0.869542516,0.995706211
0,4.988877154,12,8,-0.782523171,0.758159335,1.024929235
1,5.083297154,10,2,0.062367726,2.944788596,0.202084673
1,3.848876479,12,7,0.448390473,0.923174229,-0.963659309
0,3.626970847,10,3,0.125048484,0.244518384,-1.97819033
1,6.861245414,12,5,-0.512411229,1.065533323,0.465161515
0,3.462430041,17,1,-1.068877293,0.205906397,-1.018330744
1,5.043732971,10,4,-0.103651432,0.995162306,0.495920334
1,5.769659246,14,6,0.641032551,2.48768959,-1.142892018
0,6.382688913,10,5,0.837191894,0.182270511,-0.479693676
1,4.553652795,11,4,0.14768433,0.293720529,0.815431042
1,4.941015868,12,5,0.731747279,2.330471543,2.049097233
0,5.962709368,9,4,-0.755984249,0.610061822,1.442754823
1,3.089137809,15,2,-1.180684079,1.039102876,-0.67085349
1,2.966681354,9,1,0.725316976,5.1309377,-0.666829264
0,4.523779806,10,4,0.785437759,0.143445827,-0.52180755
0,4.529700524,12,1,0.606404429,0.687688296,-1.426747104
1,3.971775859,13,6,-1.096072073,5.010017924,0.054626407
1,2.620885892,14,2,-0.294797629,0.387290569,-1.22397014
1,2.630418474,15,3,0.442573685,0.842999202,1.847325465
0,6.099898976,12,0,0.739148722,1.475305231,0.877934286
0,3.34703554,7,4,-0.427756096,0.21992651,0.641228315
0,2.066946093,10,6,2.088775803,0.856649348,0.024735747
0,3.163526915,13,2,0.113654399,1.028540688,-0.443915258
1,2.053936648,10,3,0.449210387,2.301668142,-0.748013913
0,5.021515037,11,2,0.835548606,2.564028846,1.069924702
0,6.829990799,13,1,-1.591402897,1.407942963,0.068043278
0,2.015560708,12,1,0.014184621,2.057968014,-1.698331095
1,3.975349211,13,6,1.105103003,3.358393685,-0.121555989
1,3.470567116,16,6,0.289297983,2.758435726,-0.943974785
1,6.117972031,10,4,0.037626084,0.357008507,-0.078314493
0,4.180042018,9,0,-0.362694127,1.154620782,-0.55293615
0,4.201723545,10,3,0.682617178,1.70589919,-0.655524817
0,3.24930986,7,5,0.466910926,1.826104986,-0.190499475
1,3.739023393,14,6,0.370403588,3.046812013,-0.742810126
1,4.017062532,13,2,-0.525552736,0.162725761,-0.95984519
0,2.069204574,11,5,-0.210295177,0.919463392,0.912453344
1,3.354809289,11,5,1.094305284,17.37470079,1.710078821
0,5.571552839,7,3,-0.711602923,0.618452659,3.118666097
1,4.141833261,10,3,0.747630442,3.828736545,-0.571566822
1,6.944111477,14,4,-1.496134945,1.788850352,-2.890390057
1,5.758183855,18,2,0.788773611,0.164573377,1.377010935
0,3.430819826,11,6,-0.93348726,2.111390566,0.05960629
0,5.905031218,10,5,-1.855301949,0.770828274,0.164859618
1,6.635413275,14,4,0.756205236,0.815296186,-0.799240375
1,4.825380804,8,2,-0.322805849,1.044576199,1.251227522
1,2.675746836,9,6,-0.365170433,0.456596126,-0.769255807
0,6.933692974,11,4,-1.547655512,1.633349626,0.185312266
0,2.281813792,12,4,-0.300591864,0.271897118,0.786259259
0,6.84537442,7,3,1.04510113,8.773008742,1.063017314
0,3.399715273,13,7,-0.74165297,1.100170643,-0.447854821
0,3.701405088,14,3,0.748802434,0.950516781,0.429840003
1,3.307195988,15,3,-0.076453669,0.70875313,-0.534862417
0,6.384536145,10,6,-1.228310377,1.663967543,-1.019378544
0,2.549095739,17,3,-0.050746253,0.408347466,0.562226204
0,4.596541413,13,8,-1.274896024,2.308431924,0.017647482
1,3.538175675,10,4,0.322227772,2.182422527,2.745117229
1,3.685926567,19,2,1.227638119,3.159394058,-1.138703115
1,6.813262681,17,1,0.874646619,0.587980019,-0.728317835
0,6.457297272,7,4,-0.489339576,1.038669817,0.404027286
1,2.077514597,12,2,-1.762512849,6.363631677,-3.249987368
1,4.832259291,15,2,0.688306866,0.124915004,0.176390323
1,3.629843414,14,4,0.753562328,2.257383332,0.176798789
1,5.042270516,12,3,0.520750605,0.243706039,1.163222779
0,5.027142896,8,4,-0.976072843,0.804828357,0.565562108
0,3.891286678,13,6,0.467721195,0.622470059,1.037932293
0,5.148951521,11,5,-0.252184461,0.747823015,-0.058502403
0,2.405339452,10,3,2.056144239,4.195139304,-1.631886388
1,6.654540946,10,2,1.023887908,0.584128141,-0.357847694
1,3.762357464,10,5,0.468881299,2.400555681,0.210117077
1,2.500154626,11,4,2.08334674,4.701314584,-0.838143478
0,6.643587649,11,3,0.651695692,0.497883885,1.221627357
0,6.096230562,14,6,0.421560603,0.785356853,-1.625522964
1,4.94289625,14,3,-0.519083673,2.281943813,0.97830472
0,5.205926539,12,3,-0.524277757,0.090105022,0.039980608
0,6.987025617,15,5,-0.675188176,2.544870474,2.31513991
0,3.19212559,17,7,0.779429658,1.625660706,-1.168384178
0,3.933554874,16,3,0.163898839,8.332365628,2.810391455
0,3.085333787,8,3,-0.165711578,0.770326883,-0.236657812
0,4.698859361,12,1,-1.144809266,0.501146773,2.204996704
1,4.544491864,14,2,0.457474805,0.630305249,1.954179785
1,5.500785648,11,2,-0.022581278,1.713751044,-2.450600513
1,5.491706504,10,1,0.306170299,1.901232744,-1.181610613
0,2.75505581,8,1,1.862817228,1.197017836,0.242645763
0,3.395266545,11,4,0.689923038,0.531544558,0.466639744
1,5.515586478,11,3,-0.410998795,0.439230831,-0.649956979
0,5.228043709,12,7,-1.0318674,0.417293923,-0.048631709
0,4.771955125,14,1,2.211090079,2.443971202,-1.157491641
0,4.41548683,11,2,-0.619498877,1.227701638,0.335220592
1,3.587167855,13,5,1.795318753,3.876695163,-0.415674382
0,6.983902955,12,6,-1.929673359,0.217336644,-0.421533821
0,6.150679877,10,2,0.25349173,10.98028804,-0.3628633
1,2.000578039,13,9,2.476334338,1.910121567,-0.429492056
1,2.210291722,14,6,0.332203567,0.69738535,-0.41830068
0,2.637524351,10,3,-0.183621802,0.55822826,0.817323579
1,2.9070911,13,4,-0.458201051,0.519220149,0.991564961
1,3.165251075,8,11,0.056986834,0.068469537,-0.213936587
1,6.645032219,12,2,1.475879674,0.663243528,-0.935849484
0,3.26693896,8,2,0.536521643,1.677285345,-0.071987374
0,6.156041222,8,7,-0.768417096,2.082186096,-2.791478614
1,3.631759261,12,1,0.885618456,2.716214736,-0.245560236
0,2.247708296,11,2,1.785298153,0.715534859,-0.354892194
0,5.213811573,14,4,1.208551772,2.259088277,0.519146484
1,2.71867387,13,2,-0.067951704,1.661564827,0.864796141
0,3.205264549,13,10,0.780374329,0.348157209,1.916197717
1,3.471738208,6,4,-1.363306235,0.637849995,-0.446097292
1,5.043767856,8,2,-0.086133613,0.498449089,-0.090149812
1,4.821520551,12,3,-0.904870143,1.03937125,-0.485383356
1,4.030063109,10,4,-0.492442821,0.345470622,0.086436922
0,6.25716588,11,5,-0.00231156,2.925770603,0.227396245
1,5.746955879,12,4,0.920685357,0.628659249,1.07597392
1,4.356144201,16,8,0.704476181,0.851261109,0.147536645
1,2.820420287,10,4,-1.002236373,1.793271854,-0.280812863
1,3.027609154,14,3,-1.37496262,0.77460158,-0.0234804
1,4.022592006,15,3,-1.022319001,0.357230406,-3.242407599
0,4.668079624,13,3,0.06150865,6.350656029,1.045836532
1,5.659764943,11,5,-0.442392542,2.666262677,1.754428198
1,2.013379899,12,3,-1.246030091,0.476006383,2.365092123
0,5.991241176,13,3,2.014423798,0.460446332,0.114574135
0,5.343820788,19,0,-1.225510566,0.296660448,0.618465798
0,6.461993161,14,0,0.920717466,1.33826788,-1.040698216
1,5.11952601,11,2,1.47071554,1.581753665,1.923821645
1,6.178581545,14,3,-0.204953309,1.240009584,-0.665091948
0,2.96460501,14,3,1.69548744,0.635156148,-0.637469365
1,2.688631334,14,5,1.06330161,4.344963136,1.004834692
0,6.057545268,12,7,-0.497551609,1.781353225,1.142922153
1,2.114403516,10,5,-1.794207635,1.677129996,-1.216019384
0,3.295744006,8,1,-0.074373592,1.417619555,-0.454159907
1,4.415608629,15,4,-1.047382457,3.550202858,-0.751386041
1,2.959521092,13,5,0.280837429,13.34193696,-0.708109227
0,4.390593132,11,7,0.032980016,2.54360024,3.140409854
1,2.880251827,14,4,-1.00428971,0.080783759,1.607367932
1,5.343388815,11,3,0.895773992,0.282823971,5.450619932
1,2.193430146,7,5,0.448433778,0.397988776,-1.21252097
0,4.521849852,10,5,1.718753582,2.030950068,1.701200129
0,5.505519659,8,7,0.933252715,0.872437649,2.525102396
1,6.844211484,12,4,-0.157284192,5.593376262,-0.052740076
0,2.598371837,9,5,-0.734731264,0.414878237,-0.625927385
1,5.452888699,14,4,-1.03306934,0.674445686,-0.185361633
1,6.511787503,13,6,-0.039160008,0.393710389,0.547716093
1,3.640192629,12,5,0.883394479,0.643534666,0.193537299
1,6.858469681,14,3,-0.048610596,11.09925626,-0.039877208
0,2.055876784,13,7,0.969574408,0.582433604,0.015110509
0,5.411162731,7,5,1.252546641,1.674806389,-1.357174815
1,2.206034607,15,2,0.601273688,0.961688125,-0.331197579
1,4.234194546,10,6,0.562080203,0.315687042,-2.071472236
0,6.461854203,6,2,0.789071687,0.755522965,1.009443729
0,4.785935516,12,4,-0.216552401,0.652048193,1.193382567
1,5.490095478,13,6,1.00313095,0.347552113,-1.505228511
0,6.369859768,9,4,-1.590483117,0.12423007,0.058629383
1,5.569889311,12,4,-0.483041577,0.571339384,1.47362015
0,5.934941136,10,3,-1.056947724,1.064407235,1.092998145
1,5.047567713,10,4,-0.982162011,2.998822905,0.88688287
0,5.396038141,16,3,-0.0956574,2.597117463,-0.218269936
1,5.577718372,11,3,0.048059251,0.270609596,-0.84677129
1,4.236719152,12,5,0.175717671,1.106881604,-0.484171872
1,4.179516279,13,2,-2.138120853,1.481716129,-0.009393826
0,6.045650789,11,2,1.010226053,1.990029653,0.708643108
